ResID,avg_BFE_PAC5,avg_BFE_RNA,avg_BFE_ssDNA,avg_Dist_PAC5,avg_Dist_RNA,avg_Dist_ssDNA
18,0.0,2.218888818040588,1.5806669796909747,7.5716930906858915,6.51199611426366,5.393180852474194
19,-0.1958830488980459,-0.7552246423176238,-0.6904007604073591,4.579946628323353,2.977444401695752,2.2238727237569473
22,0.5868253917648037,-3.633005891528987,-4.411881051761675,4.417500361998862,3.3827617980233455,2.245521813785761
24,-2.0768355478421463,-3.621724930338608,-4.360331150686281,2.3812481666836796,2.7733334577839677,2.6203426572094837
26,0.0,-0.24590473646862368,-2.01079196768039,4.493649149956888,5.421261202904273,3.579674276000611
27,0.0,-0.4284411891514471,-2.9724645376618977,5.7175633243647646,5.872924103624164,2.4302544972191042
28,0.0,0.0,-3.3039459842297276,7.4357200816247015,7.521409983604346,1.9588650701428147
29,0.0,0.0,-0.7801959310435617,11.341705340583566,10.449086173108368,2.3286575809047316
30,0.0,0.0,-3.88407175208315,9.135325415835915,7.386987541486042,2.322046784782238
31,0.0,0.0,0.9608955835206583,14.52387101620635,12.876572701909836,4.767911305318024
49,-0.08128660741378206,5.967818140933918,3.727412503713044,9.857757340706351,5.873255442684357,3.513757459696872
50,0.0,-0.19142697308024234,-0.22143535282287527,10.30803159441372,6.952352562787476,4.9937672580036105
51,-0.13566986089961494,-1.801451788163846,-1.44231755680166,6.335972888738937,4.079242187127011,2.868520660636437
53,-0.8028707445989989,-3.1108660612199905,-3.0018414929734667,3.144414414020293,2.416896624338136,2.2761101808942237
54,0.0,-0.5643142734090542,-1.1693427137416341,7.319210088784774,4.668932744586614,4.710028468898295
56,0.0,-0.709694509849279,-1.0857209304059932,8.405509727624903,5.003762112579149,3.7033218786812068
60,0.0,0.0,-5.039735802223504,10.239008887599768,8.43692347750896,3.244535857463872
62,0.3563388294036167,-5.191998681116258,-4.814224851866123,3.81944158627482,1.892429941783871,1.9632034297769152
63,0.0,-0.2646893517067482,0.07964089406560909,6.180440540929443,5.726665957584373,2.5892872672218803
64,-1.4044560409263471,-2.0823387263273285,-3.097825963611806,2.5446479860205113,2.357252861182675,2.30462477414607
66,-0.8549040664727529,-3.6578709926346398,-3.4728260927235137,2.818822834034592,2.5465676837992377,2.3773712791241284
89,0.0,0.0,-3.4582643496608703,11.726101726507844,10.316714746228245,2.4284066661859107
90,0.0,0.0245569224483442,0.0,11.278169644126452,11.052290486491446,5.434903039571906
91,0.0,-0.09116885161096311,-0.4389352424553385,9.192109453034467,9.301826951625992,5.296792445773249
92,0.0,0.9025489111967819,0.8508790120097857,6.038266235996889,6.308903979577045,3.580784357147884
94,-0.171244218622143,0.0286214571937428,-1.8427698182641195,2.9885421493123956,2.9837954981098354,2.661234699313883
95,-0.13918581172210467,-1.6955773796289704,-2.1153185546706843,3.9730109870799737,2.5482270943746648,2.090081678569381
96,-0.37998048968294923,-1.5824918821763454,-1.7843210165159775,3.163567936029844,2.6765668300239387,2.6047174703587417
97,-0.35506800091863094,-4.970316412907895,-5.214004188839221,3.0155013181179946,1.949920454603718,1.8584181907541237
98,-0.2433987964977767,-1.0146598340005657,-1.0410241757842238,5.266636184584595,3.647951435553715,2.925094741691023
99,-0.09812188478055256,-7.7441625815363055,-5.801594211627205,5.1520467893767234,2.106736299093827,2.1346444282239125
102,-0.12698112551981786,-1.1075258496752196,0.4901413834449227,5.279078849564752,2.3508884721224255,2.700732849234349
107,-0.11569466985723727,0.0,0.0,5.428996036889859,5.1222917085580555,5.49160022587557
108,-0.6404414471751004,-2.7019420970284798,0.016675525034853145,2.7577361376875476,2.1630141322384873,2.649191798669903
109,-0.15953685539948287,0.0,0.0,6.268079114646601,5.894469054374274,6.315668519110031
110,-0.015770105319595402,0.0,-0.11750127636810292,7.0585915608087175,6.540898746657594,6.775407898906399
